year,state,percentage.Hispanic,percentage.Black,percentage.White
1994,Alabama,0.778174131,25.72218536,72.43127071
1995,Alabama,0.8673431391,25.83403929,72.18346211
1996,Alabama,0.9881088,25.87563165,71.97736281
1997,Alabama,1.131587352,25.99205345,71.68403376
1998,Alabama,1.291778943,26.04060979,71.45540639
1999,Alabama,1.471352718,26.11424783,71.1709853
2000,Alabama,1.729851917,26.11931297,70.82321374
2001,Alabama,1.918733719,26.17266768,70.54304359
2002,Alabama,2.10216806,26.20372051,70.27931811
2003,Alabama,2.297595354,26.22443345,70.00944378
2004,Alabama,2.500348178,26.2537883,69.71301969
2005,Alabama,2.731451342,26.26904211,69.40906669
2006,Alabama,2.977804402,26.34063523,69.03839095
2007,Alabama,3.223992262,26.36388149,68.71885192
2008,Alabama,3.469729808,26.41459487,68.37359369
2009,Alabama,3.709968478,26.42848646,68.05792761
2010,Alabama,3.896297392,26.4777164,67.77861085
2011,Alabama,3.950838327,26.54062007,67.61861348
2012,Alabama,3.957051138,26.63718137,67.46058937
1994,Alaska,3.286546838,4.119786245,73.00052378
1995,Alaska,3.378986519,3.890723546,72.8367405
1996,Alaska,3.461727429,3.786916521,72.38965508
1997,Alaska,3.621069942,3.887152347,71.7543167
1998,Alaska,3.682823277,3.971564623,71.29540014
1999,Alaska,3.840878135,3.983168448,70.83960889
2000,Alaska,4.134479261,3.944499915,70.13295369
2001,Alaska,4.416661144,3.984131643,69.72261935
2002,Alaska,4.66157173,4.037133156,69.35175772
2003,Alaska,4.84520692,3.997137631,69.00144044
2004,Alaska,4.987061761,3.979608243,68.78228872
2005,Alaska,5.161137483,3.932702198,68.48335547
2006,Alaska,5.25764769,3.916321883,68.32069208
2007,Alaska,5.325444657,3.941496399,68.11686021
2008,Alaska,5.41940927,3.95429519,67.84545898
2009,Alaska,5.470349623,3.940649168,67.48653231
2010,Alaska,5.605779021,4.012010683,67.24273876
2011,Alaska,5.838002084,4.09387959,66.80300479
2012,Alaska,6.230705154,4.222194562,66.18113527
1994,Arizona,21.19083958,3.000785143,69.00489012
1995,Arizona,21.77469188,3.040903111,68.34514796
1996,Arizona,22.41237077,3.081269866,67.64769105
1997,Arizona,23.04765262,3.109696242,66.98454082
1998,Arizona,23.81078368,3.146533665,66.22427837
1999,Arizona,24.59712454,3.172623717,65.41144065
2000,Arizona,25.37287432,3.209073543,64.61355358
2001,Arizona,25.92058333,3.278254556,63.98074743
2002,Arizona,26.43383235,3.348081216,63.35410391
2003,Arizona,26.87495781,3.413821664,62.80031591
2004,Arizona,27.2628425,3.50999327,62.28831131
2005,Arizona,27.71566465,3.62110313,61.65828949
2006,Arizona,28.22894671,3.763239241,60.90321988
2007,Arizona,28.75708066,3.891186979,60.16878953
2008,Arizona,29.15223677,4.024401778,59.57319021
2009,Arizona,29.43046945,4.150033248,59.12952768
2010,Arizona,29.70501436,4.220456183,58.74259868
2011,Arizona,29.90161219,4.290861387,58.38031297
2012,Arizona,30.09897958,4.376152927,58.00626417
1994,Arkansas,1.256846881,15.92141038,81.67977068
1995,Arkansas,1.527885749,15.89528907,81.3755547
1996,Arkansas,1.892649184,15.92409186,80.91457244
1997,Arkansas,2.146407852,15.9279379,80.59348196
1998,Arkansas,2.467778679,15.93956339,80.21230718
1999,Arkansas,2.814138001,15.91581004,79.82680081
2000,Arkansas,3.27799572,15.82035012,79.32963188
2001,Arkansas,3.586232724,15.83227788,78.94891125
2002,Arkansas,3.906018159,15.82585192,78.57166878
2003,Arkansas,4.243369094,15.80477361,78.18318742
2004,Arkansas,4.549719495,15.78514783,77.81503052
2005,Arkansas,4.931435329,15.73274862,77.39550257
2006,Arkansas,5.301051365,15.76246181,76.92260259
2007,Arkansas,5.630632054,15.70487775,76.57620276
2008,Arkansas,5.921996943,15.72289127,76.20792652
2009,Arkansas,6.180486827,15.72270227,75.86282722
2010,Arkansas,6.412707756,15.76203929,75.52052622
2011,Arkansas,6.552388456,15.77860536,75.28359482
2012,Arkansas,6.718304394,15.78860502,75.01851265
1994,California,28.75412247,7.051046017,53.02285717
1995,California,29.39198618,7.028051163,52.11688756
1996,California,30.03545663,7.008653095,51.25872166
1997,California,30.65465719,6.971290103,50.4569998
1998,California,31.28117395,6.932610437,49.68430785
1999,California,31.88913384,6.901984895,48.92687599
2000,California,32.52489255,6.854420903,48.13993784
2001,California,33.01665009,6.78733697,47.45898268
2002,California,33.56804227,6.72749645,46.74145556
2003,California,34.12464398,6.666228124,46.03971236
2004,California,34.67523267,6.614903857,45.34707315
2005,California,35.22343161,6.561967568,44.62306139
2006,California,35.74590598,6.517142321,43.91699366
2007,California,36.23777186,6.465155568,43.2698136
2008,California,36.73879683,6.414491266,42.63648868
2009,California,37.22783947,6.373351384,42.0412265
2010,California,37.68573838,6.337403806,41.47052643
2011,California,37.96791086,6.310191287,41.04172585
2012,California,38.1803024,6.285486698,40.66608589
1994,Colorado,14.14076916,3.99281128,79.15502201
1995,Colorado,14.52932889,3.965998485,78.70143961
1996,Colorado,14.97548962,3.961201764,78.18035435
1997,Colorado,15.49006008,3.965041872,77.57950951
1998,Colorado,16.00740313,4.005209104,76.91568292
1999,Colorado,16.61195007,4.018250751,76.19565274
2000,Colorado,17.22453449,4.045093497,75.41931087
2001,Colorado,17.69824662,4.070690042,74.83771446
2002,Colorado,18.1948581,4.087492311,74.25909818
2003,Colorado,18.59990832,4.071095397,73.81635743
2004,Colorado,18.90145449,4.117605786,73.41301544
2005,Colorado,19.26685188,4.10696459,73.00662279
2006,Colorado,19.55981487,4.151894862,72.61393735
2007,Colorado,19.86276476,4.168744853,72.24571949
2008,Colorado,20.14219599,4.198759441,71.8887955
2009,Colorado,20.4233945,4.238208679,71.51284292
2010,Colorado,20.69393287,4.28212011,71.13765597
2011,Colorado,20.82874202,4.312572777,70.90906071
2012,Colorado,20.91812757,4.362346858,70.70969256
1994,Connecticut,7.576563099,8.555085897,81.70317066
1995,Connecticut,7.832031344,8.650437526,81.22960377
1996,Connecticut,8.148206978,8.752549312,80.71370237
1997,Connecticut,8.473081925,8.864829812,80.15246549
1998,Connecticut,8.764462083,9.03165553,79.58121468
1999,Connecticut,9.111413563,9.160344566,78.95807378
2000,Connecticut,9.492179589,9.247439091,78.35676247
2001,Connecticut,9.849555834,9.324304838,77.78474643
2002,Connecticut,10.22673227,9.415889965,77.14647695
2003,Connecticut,10.59892043,9.493831823,76.52476684
2004,Connecticut,10.95256592,9.560040434,75.96677893
2005,Connecticut,11.30105425,9.641809022,75.38229735
2006,Connecticut,11.73764592,9.725682737,74.71803517
2007,Connecticut,12.17167951,9.808322017,74.07190263
2008,Connecticut,12.60093203,9.888145208,73.43452226
2009,Connecticut,13.06881591,9.963818927,72.77432494
2010,Connecticut,13.48683301,10.03173553,72.16862822
2011,Connecticut,13.88542778,10.11241839,71.54514076
2012,Connecticut,14.25582149,10.20634176,70.94258298
1994,Delaware,3.066009797,17.78731647,77.10025155
1995,Delaware,3.307506571,18.09988297,76.47087843
1996,Delaware,3.55463125,18.38478117,75.88008805
1997,Delaware,3.829074888,18.72806848,75.15845251
1998,Delaware,4.128462602,19.01891044,74.46730466
1999,Delaware,4.492574098,19.29095859,73.73024168
2000,Delaware,4.811202826,19.5221606,73.07728012
2001,Delaware,5.141140054,19.77632245,72.36329315
2002,Delaware,5.4811088,20.01094063,71.67045619
2003,Delaware,5.818927314,20.22107498,70.9719891
2004,Delaware,6.171619506,20.40580017,70.28705963
2005,Delaware,6.552091345,20.69253979,69.49168787
2006,Delaware,6.921938208,20.94561883,68.75247304
2007,Delaware,7.243942924,21.20621876,68.02921483
2008,Delaware,7.549152934,21.44242279,67.3825681
2009,Delaware,7.941305104,21.60396084,66.73499826
2010,Delaware,8.193897419,21.76033767,66.25065569
2011,Delaware,8.401033567,21.89742754,65.78821575
2012,Delaware,8.56037069,21.98784505,65.41511222
1994,District of Columbia,6.719853913,63.96861036,26.52217521
1995,District of Columbia,7.023911445,63.43586837,26.73823506
1996,District of Columbia,7.280166743,62.82659855,27.04284065
1997,District of Columbia,7.510356927,62.17801936,27.44779264
1998,District of Columbia,7.695451409,61.55211153,27.79010314
1999,District of Columbia,7.778496807,60.78079595,28.35975329
2000,District of Columbia,7.913000004,60.47013702,28.41851879
2001,District of Columbia,8.149116455,59.52177879,29.06054614
2002,District of Columbia,8.209603635,59.04323066,29.42678982
2003,District of Columbia,8.369363696,58.53506232,29.69294743
2004,District of Columbia,8.497166026,57.53601031,30.43131356
2005,District of Columbia,8.566551938,56.49174096,31.43619872
2006,District of Columbia,8.502473361,55.35001165,32.34959636
2007,District of Columbia,8.52744758,54.36643895,33.37581215
2008,District of Columbia,8.694048629,53.26505077,34.02374206
2009,District of Columbia,9.054114294,52.08331926,34.86461295
2010,District of Columbia,9.237040697,51.00242406,35.59518361
2011,District of Columbia,9.673686535,50.19138502,35.9173668
2012,District of Columbia,9.970613558,49.49104949,36.24275373
1994,Florida,13.63313062,13.94209633,70.70882824
1995,Florida,14.15291437,14.08412165,69.95889014
1996,Florida,14.70804586,14.21775948,69.18839239
1997,Florida,15.17319158,14.38207743,68.47244728
1998,Florida,15.63500323,14.522432,67.79632583
1999,Florida,16.24548897,14.67641483,66.9599854
2000,Florida,16.93147506,14.75892062,66.10700161
2001,Florida,17.49504768,14.87533201,65.34362179
2002,Florida,18.05658332,14.97308766,64.59110799
2003,Florida,18.58566339,15.0698788,63.87365742
2004,Florida,19.12838456,15.14095235,63.1620795
2005,Florida,19.75148243,15.21062224,62.36755016
2006,Florida,20.44356275,15.32776206,61.46375927
2007,Florida,21.08106113,15.41716768,60.66336481
2008,Florida,21.63920765,15.53447736,59.92667039
2009,Florida,22.11111197,15.63947717,59.29883721
2010,Florida,22.56055436,15.72342082,58.71459738
2011,Florida,22.95553238,15.88470244,58.09344863
2012,Florida,23.30360653,15.98293562,57.59102129
1994,Georgia,2.512545121,27.78132124,67.9540712
1995,Georgia,2.883734855,27.9660958,67.27219113
1996,Georgia,3.285091765,28.17618395,66.543502
1997,Georgia,3.775735355,28.38373325,65.72996652
1998,Georgia,4.198620061,28.5966644,64.96418405
1999,Georgia,4.726567913,28.80922301,64.08962753
2000,Georgia,5.367202351,28.91253671,63.16380957
2001,Georgia,5.7792265,29.05125893,62.4760327
2002,Georgia,6.150320348,29.20236533,61.81966081
2003,Georgia,6.495957864,29.34251118,61.21192982
2004,Georgia,6.871441259,29.53145833,60.52394206
2005,Georgia,7.24809157,29.71445415,59.83077154
2006,Georgia,7.641735365,30.03791143,58.97551643
2007,Georgia,8.033892664,30.26890516,58.23631004
2008,Georgia,8.364167614,30.44528984,57.61582806
2009,Georgia,8.631309554,30.63176565,57.06374471
2010,Georgia,8.836188237,30.77758312,56.6135493
2011,Georgia,8.952842602,30.97023832,56.19560908
2012,Georgia,9.019051369,31.1001034,55.87451844
1994,Hawaii,7.369123968,2.579795476,29.24113458
1995,Hawaii,7.321110177,2.555700194,28.72079635
1996,Hawaii,7.342524019,2.504247127,28.14991423
1997,Hawaii,7.400960681,2.45015021,27.60580701
1998,Hawaii,7.341472788,2.427600304,27.17495328
1999,Hawaii,7.254317112,2.318020326,26.7881517
2000,Hawaii,7.250731138,2.244876265,26.40420134
2001,Hawaii,7.459207079,2.386887535,26.51711166
2002,Hawaii,7.667150958,2.461494031,26.58741075
2003,Hawaii,7.80655299,2.392511234,26.56123866
2004,Hawaii,7.96077794,2.299914649,26.59416176
2005,Hawaii,8.095819,2.31695893,26.76253105
2006,Hawaii,8.270629618,2.288637896,26.89307957
2007,Hawaii,8.447906968,2.193246813,26.65460695
2008,Hawaii,8.657099128,2.173601369,26.66345397
2009,Hawaii,8.844100134,2.155538246,26.51737522
2010,Hawaii,8.957252675,2.175014388,26.47496783
2011,Hawaii,9.275588883,2.291953342,26.30840199
2012,Hawaii,9.577244184,2.387880617,26.2481499
1994,Idaho,6.196272945,0.3684265679,91.32665002
1995,Idaho,6.436641802,0.3919063774,91.0288774
1996,Idaho,6.694134985,0.3897486707,90.73937542
1997,Idaho,6.967163742,0.3851789145,90.3926676
1998,Idaho,7.258150807,0.4188193208,89.9996806
1999,Idaho,7.545658217,0.4368670993,89.64437623
2000,Idaho,7.929476771,0.5037593406,89.08513733
2001,Idaho,8.262889386,0.5506976716,88.67058294
2002,Idaho,8.567621526,0.5860313406,88.31003632
2003,Idaho,8.852557614,0.6225703766,87.95581569
2004,Idaho,9.146990736,0.6591454819,87.59471534
2005,Idaho,9.476341878,0.6950507652,87.1807349
2006,Idaho,9.906588891,0.7249421074,86.69611737
2007,Idaho,10.31303464,0.753701569,86.21325422
2008,Idaho,10.67938892,0.7747406017,85.80433026
2009,Idaho,10.98904492,0.8045346263,85.43307264
2010,Idaho,11.26886525,0.8038141068,85.13949625
2011,Idaho,11.44732515,0.8396337957,84.88488729
2012,Idaho,11.59425557,0.8573786383,84.67026043
1994,Illinois,9.417662078,15.03671118,72.4798354
1995,Illinois,9.848542321,15.10119927,71.87683126
1996,Illinois,10.32470922,15.13313051,71.24639016
1997,Illinois,10.81650933,15.177665,70.59406034
1998,Illinois,11.34640124,15.19987171,69.91504213
1999,Illinois,11.87846609,15.24349827,69.20174091
2000,Illinois,12.41873095,15.24398791,68.50553085
2001,Illinois,12.82411862,15.18944913,68.02103865
2002,Illinois,13.19941406,15.14258529,67.55958777
2003,Illinois,13.55465265,15.08732156,67.13544896
2004,Illinois,13.87850281,15.0419392,66.73750988
2005,Illinois,14.21223462,14.99526999,66.32886074
2006,Illinois,14.55420397,14.95046447,65.90287612
2007,Illinois,14.88379761,14.88677495,65.50398374
2008,Illinois,15.22979691,14.82774273,65.10378333
2009,Illinois,15.55512645,14.77854816,64.71826736
2010,Illinois,15.84774083,14.74777477,64.35655338
2011,Illinois,16.04873308,14.72080275,64.05272406
2012,Illinois,16.24069463,14.70173023,63.73500695
1994,Indiana,2.133674726,8.132802028,88.73466694
1995,Indiana,2.306091524,8.217625724,88.434816
1996,Indiana,2.493424921,8.27810572,88.13197668
1997,Indiana,2.723270006,8.395072799,87.7458559
1998,Indiana,2.984023684,8.488084442,87.34685475
1999,Indiana,3.258825645,8.561813965,86.91765003
2000,Indiana,3.567478339,8.648154769,86.42688464
2001,Indiana,3.82634111,8.747176782,86.00658316
2002,Indiana,4.051499951,8.840073379,85.62073189
2003,Indiana,4.296458822,8.930762133,85.21520863
2004,Indiana,4.543810074,9.025804078,84.80255196
2005,Indiana,4.831590274,9.119700902,84.34901896
2006,Indiana,5.121963583,9.230799841,83.87564548
2007,Indiana,5.38674923,9.326166112,83.4495397
2008,Indiana,5.629975442,9.423023824,83.05169059
2009,Indiana,5.849790806,9.514895132,82.67048027
2010,Indiana,6.033792628,9.608001075,82.33146826
2011,Indiana,6.160427102,9.679244009,82.04656502
2012,Indiana,6.266290982,9.748945469,81.76878473
1994,Iowa,1.522022657,1.928267197,95.22805609
1995,Iowa,1.661346466,1.967201337,94.99482627
1996,Iowa,1.832222222,2.020659722,94.73295139
1997,Iowa,1.983003813,2.066604661,94.50375443
1998,Iowa,2.194688571,2.127823755,94.21307588
1999,Iowa,2.467238866,2.186600513,93.82328284
2000,Iowa,2.847801023,2.334600062,93.15102727
2001,Iowa,3.085610251,2.411257583,92.79480845
2002,Iowa,3.298509935,2.490905633,92.4523402
2003,Iowa,3.50207461,2.573250365,92.10275054
2004,Iowa,3.716505255,2.664716527,91.73814639
2005,Iowa,3.927063803,2.770459586,91.36970923
2006,Iowa,4.147796385,2.89260133,90.97428322
2007,Iowa,4.369214314,3.024361066,90.57052319
2008,Iowa,4.568483665,3.157454386,90.18756708
2009,Iowa,4.815273981,3.272345996,89.75481969
2010,Iowa,5.012950965,3.383673065,89.35336302
2011,Iowa,5.162234526,3.461248986,89.01639457
2012,Iowa,5.298133153,3.547366813,88.6710377
1994,Kansas,4.676318236,5.850542121,87.1496869
1995,Kansas,4.985338371,5.852540958,86.75628324
1996,Kansas,5.311230902,5.832734761,86.37526706
1997,Kansas,5.692803682,5.840263622,85.91503332
1998,Kansas,6.098215514,5.914835687,85.34160365
1999,Kansas,6.523859199,5.974936696,84.7521112
2000,Kansas,7.077044387,6.030446812,83.97226695
2001,Kansas,7.428126071,6.052079779,83.51534808
2002,Kansas,7.757408694,6.086672919,83.05000673
2003,Kansas,8.092312755,6.100395005,82.61111625
2004,Kansas,8.415969584,6.135483345,82.18044868
2005,Kansas,8.765930414,6.138529902,81.75557562
2006,Kansas,9.107248788,6.207936427,81.30774891
2007,Kansas,9.471097804,6.249369114,80.84399478
2008,Kansas,9.855288817,6.333339981,80.31135909
2009,Kansas,10.22178809,6.374827726,79.826272
2010,Kansas,10.57323749,6.441576158,79.34680029
2011,Kansas,10.7661501,6.476347995,79.04978667
2012,Kansas,10.97207117,6.5352124,78.71344093
1994,Kentucky,0.7164034701,7.211760292,91.36891648
1995,Kentucky,0.7668825678,7.244920612,91.25125694
1996,Kentucky,0.8603826729,7.285711188,91.06332767
1997,Kentucky,0.9572836309,7.344942644,90.87313203
1998,Kentucky,1.092640871,7.412925711,90.62468165
1999,Kentucky,1.247121429,7.482877901,90.35470662
2000,Kentucky,1.499868734,7.538069079,89.92188482
2001,Kentucky,1.650880552,7.616173713,89.64460839
2002,Kentucky,1.7897124,7.674684434,89.40016504
2003,Kentucky,1.943470879,7.702572398,89.17630314
2004,Kentucky,2.103349629,7.789487039,88.87369121
2005,Kentucky,2.276927432,7.846384023,88.59210059
2006,Kentucky,2.421763735,7.890095821,88.36197712
2007,Kentucky,2.605768074,7.97700645,88.04909093
2008,Kentucky,2.759099443,8.021510169,87.81496816
2009,Kentucky,2.935414125,8.119249288,87.4939137
2010,Kentucky,3.08046475,8.213008967,87.21659674
2011,Kentucky,3.136321754,8.302577452,87.01936259
2012,Kentucky,3.20865335,8.377054456,86.8162942
1994,Louisiana,2.214385756,31.67043168,64.54220271
1995,Louisiana,2.247749886,31.87890962,64.23957455
1996,Louisiana,2.264555249,32.08362043,63.95759645
1997,Louisiana,2.288020256,32.23951843,63.73790423
1998,Louisiana,2.318378936,32.37897785,63.53656383
1999,Louisiana,2.352173181,32.51646393,63.30608941
2000,Louisiana,2.437383788,32.61792287,63.02351246
2001,Louisiana,2.595204198,32.67837981,62.76883566
2002,Louisiana,2.758453078,32.73841646,62.49268723
2003,Louisiana,2.903489948,32.79971741,62.23494495
2004,Louisiana,3.06965497,32.8535327,61.96183064
2005,Louisiana,3.251323901,32.90724088,61.68368939
2006,Louisiana,3.380230625,31.49503854,62.96228035
2007,Louisiana,3.630397883,31.89923807,62.26763943
2008,Louisiana,3.852162939,32.18826103,61.70424832
2009,Louisiana,4.08438061,32.30958882,61.29031037
2010,Louisiana,4.274239185,32.39014952,60.97230889
2011,Louisiana,4.397557025,32.46111163,60.72368691
2012,Louisiana,4.529297617,32.50503049,60.50359417
1994,Maine,0.5610536091,0.3961656508,97.91214345
1995,Maine,0.5775726188,0.426384019,97.83092611
1996,Maine,0.6338366452,0.4526604006,97.72717083
1997,Maine,0.6319863179,0.5051108805,97.63216324
1998,Maine,0.678565387,0.5576879854,97.47444062
1999,Maine,0.6880284937,0.5631476909,97.39857974
2000,Maine,0.7377031209,0.642407006,97.20172394
2001,Maine,0.8159030312,0.7189124611,97.00177025
2002,Maine,0.8846723664,0.7984814346,96.80051853
2003,Maine,0.9582759605,0.9074536572,96.57064262
2004,Maine,1.02490089,0.9864594942,96.37608017
2005,Maine,1.084860558,1.076367905,96.177548
2006,Maine,1.139678412,1.158037169,96.00262613
2007,Maine,1.190167591,1.23394924,95.83682481
2008,Maine,1.24005174,1.315436423,95.653017
2009,Maine,1.287389346,1.378018788,95.50477967
2010,Maine,1.279627635,1.421523954,95.43024561
2011,Maine,1.33320183,1.490403401,95.26844352
2012,Maine,1.384007013,1.552267109,95.12166123
1994,Maryland,3.206710651,26.2377714,66.81118681
1995,Maryland,3.346763226,26.65187781,66.14335646
1996,Maryland,3.485572926,27.09133006,65.41882157
1997,Maryland,3.682934264,27.46559846,64.68956405
1998,Maryland,3.888027662,27.83835185,63.9962732
1999,Maryland,4.093037047,28.15271608,63.31697215
2000,Maryland,4.352353986,28.32898453,62.70389156
2001,Maryland,4.676566523,28.53514742,62.00929505
2002,Maryland,5.034290747,28.7251702,61.29181204
2003,Maryland,5.413945351,28.90482616,60.56135535
2004,Maryland,5.821142667,29.11216735,59.77371287
2005,Maryland,6.271910398,29.31033465,58.95024282
2006,Maryland,6.743153592,29.47973715,58.14696287
2007,Maryland,7.184798974,29.6052222,57.41768505
2008,Maryland,7.570407206,29.70183634,56.77222287
2009,Maryland,7.901454491,29.83291882,56.14408658
2010,Maryland,8.211127281,29.91577906,55.59098736
2011,Maryland,8.469620541,29.97821721,55.11115317
2012,Maryland,8.703605698,30.0328831,54.67559962
1994,Massachusetts,5.497223162,5.087132732,86.21769016
1995,Massachusetts,5.695532566,5.145417732,85.80702099
1996,Massachusetts,5.889763285,5.224510482,85.36977835
1997,Massachusetts,6.098369145,5.359201601,84.84363621
1998,Massachusetts,6.341011997,5.48418183,84.30512714
1999,Massachusetts,6.571938053,5.608685294,83.75239915
2000,Massachusetts,6.81659976,5.722685873,83.18997771
2001,Massachusetts,7.114520774,5.833437799,82.56396036
2002,Massachusetts,7.383509272,5.950159618,81.99548215
2003,Massachusetts,7.643472662,6.062640082,81.45946363
2004,Massachusetts,7.895614681,6.161068113,80.9423355
2005,Massachusetts,8.151856311,6.275367819,80.4103047
2006,Massachusetts,8.438953374,6.390353075,79.85115328
2007,Massachusetts,8.723374846,6.497911315,79.32226075
2008,Massachusetts,9.039279378,6.604346567,78.74612747
2009,Massachusetts,9.350217633,6.70877513,78.16683807
2010,Massachusetts,9.6495116,6.806037111,77.61558712
2011,Massachusetts,9.949616776,6.920634133,77.01593016
2012,Massachusetts,10.25628086,7.041790878,76.3908214
1994,Michigan,2.453588799,14.25048425,81.35704281
1995,Michigan,2.558150086,14.32404688,81.07972222
1996,Michigan,2.68975867,14.34728899,80.81367854
1997,Michigan,2.819181998,14.38899645,80.54084947
1998,Michigan,2.958151053,14.45844218,80.23607369
1999,Michigan,3.108683378,14.51624898,79.89427425
2000,Michigan,3.286125527,14.55111053,79.54474526
2001,Michigan,3.439224031,14.57381154,79.27428557
2002,Michigan,3.565758194,14.57963539,79.04573914
2003,Michigan,3.680623498,14.58539817,78.82394371
2004,Michigan,3.790532669,14.59472926,78.62569198
2005,Michigan,3.906871432,14.60317375,78.42234167
2006,Michigan,4.022067977,14.6190231,78.22353168
2007,Michigan,4.123400555,14.63187127,78.05533769
2008,Michigan,4.231735169,14.6300014,77.89778291
2009,Michigan,4.336909089,14.63448652,77.74258702
2010,Michigan,4.431913152,14.67255615,77.55538221
2011,Michigan,4.521611674,14.68574037,77.36236551
2012,Michigan,4.614847948,14.68250284,77.16952904
1994,Minnesota,1.633149725,2.723673123,92.27246058
1995,Minnesota,1.774952899,2.883150436,91.8232343
1996,Minnesota,1.951609936,3.037497451,91.37893243
1997,Minnesota,2.16816175,3.211137446,90.82504267
1998,Minnesota,2.413153081,3.41984023,90.20360194
1999,Minnesota,2.654119304,3.642611924,89.57677274
2000,Minnesota,2.945076426,3.86536087,88.86318805
2001,Minnesota,3.171913921,4.059347403,88.31822535
2002,Minnesota,3.366829816,4.243031639,87.81372941
2003,Minnesota,3.55627663,4.429045436,87.3274191
2004,Minnesota,3.74026601,4.612956745,86.84572027
2005,Minnesota,3.935113655,4.78574685,86.36031579
2006,Minnesota,4.123593145,4.994659687,85.83760607
2007,Minnesota,4.29330295,5.199970118,85.33594715
2008,Minnesota,4.460228648,5.383286278,84.86008624
2009,Minnesota,4.599217262,5.539438647,84.45017167
2010,Minnesota,4.739390569,5.674367514,84.05841525
2011,Minnesota,4.820473241,5.825883667,83.67718276
2012,Minnesota,4.897918976,5.968048161,83.30997336
1994,Mississippi,0.6714040057,36.21494597,62.26020754
1995,Mississippi,0.7275975434,36.32463706,62.06359298
1996,Mississippi,0.8029591516,36.41634083,61.85834863
1997,Mississippi,0.889951905,36.45587115,61.69782255
1998,Mississippi,0.9828032604,36.51053859,61.52200095
1999,Mississippi,1.095032966,36.55257657,61.32990714
2000,Mississippi,1.405443778,36.39794646,61.0621647
2001,Mississippi,1.548128037,36.43600372,60.85463201
2002,Mississippi,1.67643749,36.45356023,60.6713026
2003,Mississippi,1.806532902,36.48508252,60.47246604
2004,Mississippi,1.929172969,36.52015742,60.27241166
2005,Mississippi,2.08479657,36.56276121,60.03644944
2006,Mississippi,2.218054663,36.9106754,59.54034764
2007,Mississippi,2.392678471,37.00944218,59.23301518
2008,Mississippi,2.543349189,37.1205907,58.93562874
2009,Mississippi,2.693514273,37.15346289,58.71925331
2010,Mississippi,2.75858981,37.29710112,58.48810331
2011,Mississippi,2.799612647,37.39269388,58.31529648
2012,Mississippi,2.813050157,37.46541394,58.20016784
1994,Missouri,1.386346917,11.07005976,86.17931422
1995,Missouri,1.452964135,11.13489209,86.00023391
1996,Missouri,1.554711884,11.21318341,85.75007921
1997,Missouri,1.670585218,11.30985535,85.48288666
1998,Missouri,1.806270278,11.39019861,85.21157637
1999,Missouri,1.935814574,11.45242638,84.95564863
2000,Missouri,2.137558551,11.53588591,84.5345118
2001,Missouri,2.284005615,11.6047779,84.25616657
2002,Missouri,2.42876212,11.66538175,83.98507443
2003,Missouri,2.572265437,11.71910618,83.72672239
2004,Missouri,2.71494488,11.77714862,83.45690942
2005,Missouri,2.86634544,11.82826451,83.18772775
2006,Missouri,3.030874061,11.88232366,82.90260811
2007,Missouri,3.184907565,11.91556101,82.65164213
2008,Missouri,3.3257899,11.95361312,82.41565208
2009,Missouri,3.454402955,12.0069021,82.1805516
2010,Missouri,3.568842374,12.06182066,81.95205631
2011,Missouri,3.650862285,12.09358218,81.77591791
2012,Missouri,3.735709491,12.13390281,81.58428921
1994,Montana,1.590607752,0.2907213,91.73917284
1995,Montana,1.644395718,0.2968445719,91.63290754
1996,Montana,1.643885387,0.3101819569,91.56257687
1997,Montana,1.699246515,0.3058890955,91.40656167
1998,Montana,1.788709715,0.319240367,91.18396828
1999,Montana,1.845222377,0.3242314545,90.95561372
2000,Montana,2.012784184,0.4108332513,90.55371205
2001,Montana,2.155109205,0.4533822292,90.29395972
2002,Montana,2.262010142,0.4814257838,90.12358679
2003,Montana,2.37204093,0.5123799789,89.96857432
2004,Montana,2.4479333,0.544188282,89.82536728
2005,Montana,2.569189301,0.5574926976,89.66186648
2006,Montana,2.655737636,0.5845540846,89.55528125
2007,Montana,2.740731373,0.5982133417,89.43108056
2008,Montana,2.803418628,0.6117275953,89.3465381
2009,Montana,2.866922362,0.6284667809,89.20173337
2010,Montana,2.913971863,0.6399896633,89.0957471
2011,Montana,3.050346706,0.7140559279,88.82885808
2012,Montana,3.196689999,0.7763660023,88.56451876
1994,Nebraska,3.221823005,3.773731103,91.28191424
1995,Nebraska,3.544977888,3.822891118,90.79947278
1996,Nebraska,3.896304086,3.888835781,90.2900092
1997,Nebraska,4.214791351,3.982998284,89.82897479
1998,Nebraska,4.576911646,4.059638546,89.34919826
1999,Nebraska,4.999753632,4.134061958,88.76448588
2000,Nebraska,5.5726389,4.250971514,87.90427233
2001,Nebraska,6.001444324,4.330238465,87.33373415
2002,Nebraska,6.42217866,4.389015282,86.77873878
2003,Nebraska,6.808758325,4.467564647,86.24812569
2004,Nebraska,7.126394073,4.541349171,85.78499688
2005,Nebraska,7.463367806,4.603811417,85.34036674
2006,Nebraska,7.811899748,4.691280442,84.85823546
2007,Nebraska,8.134672319,4.767808281,84.40996053
2008,Nebraska,8.500605107,4.865457048,83.8898606
2009,Nebraska,8.874745336,4.943500877,83.3833053
2010,Nebraska,9.244004675,5.009150018,82.88758073
2011,Nebraska,9.485784757,5.06968799,82.50887622
2012,Nebraska,9.733715933,5.102102952,82.11992617
1994,Nevada,13.14715287,6.739087226,74.94273987
1995,Nevada,14.22338955,6.784869289,73.64714228
1996,Nevada,15.16773489,6.799774353,72.51962408
1997,Nevada,16.46745317,6.851750237,70.95199603
1998,Nevada,17.69310341,6.961559818,69.3943042
1999,Nevada,18.83778411,7.029913403,67.87102823
2000,Nevada,19.82720914,7.092588896,66.50412311
2001,Nevada,20.65365071,7.239090373,65.24464604
2002,Nevada,21.40872789,7.373431945,64.04930373
2003,Nevada,22.02810325,7.486137359,63.04088756
2004,Nevada,22.66038764,7.647571287,61.95607236
2005,Nevada,23.45779011,7.836792491,60.62624607
2006,Nevada,24.31677223,8.033986375,59.22503169
2007,Nevada,25.12002743,8.189431127,57.94695418
2008,Nevada,25.69608423,8.332849719,56.96106842
2009,Nevada,26.1994327,8.447459925,56.17218536
2010,Nevada,26.60234737,8.525556323,55.51551372
2011,Nevada,26.95735216,8.62135118,54.89451618
2012,Nevada,27.21694129,8.855921659,54.24616676
1994,New Hampshire,1.225931242,0.6141471783,97.02300098
1995,New Hampshire,1.26032235,0.6270079935,96.88914882
1996,New Hampshire,1.323210061,0.6674787758,96.69129383
1997,New Hampshire,1.402442357,0.6882317086,96.54110179
1998,New Hampshire,1.475363617,0.7025225136,96.37096373
1999,New Hampshire,1.587215858,0.7603840873,96.09325261
2000,New Hampshire,1.669271753,0.8183843301,95.8183924
2001,New Hampshire,1.835817436,0.890230877,95.43407218
2002,New Hampshire,1.992610447,0.9402019874,95.09908289
2003,New Hampshire,2.111592074,0.9998906113,94.81575822
2004,New Hampshire,2.230798507,1.040522556,94.55826236
2005,New Hampshire,2.343410664,1.092883129,94.28367676
2006,New Hampshire,2.471589107,1.15042239,94.02631786
2007,New Hampshire,2.570740701,1.188078078,93.80994103
2008,New Hampshire,2.675115092,1.230103062,93.57986057
2009,New Hampshire,2.760424344,1.266999062,93.38592298
2010,New Hampshire,2.803841224,1.304075111,93.26950531
2011,New Hampshire,2.914280383,1.352018585,93.02094165
2012,New Hampshire,3.03856698,1.413052857,92.76473643
1994,New Jersey,11.1316064,13.28526762,70.98706987
1995,New Jersey,11.4937175,13.32999804,70.34053911
1996,New Jersey,11.88001221,13.37775517,69.64883903
1997,New Jersey,12.2859422,13.4283828,68.90589244
1998,New Jersey,12.66731086,13.4961094,68.19195074
1999,New Jersey,13.00836213,13.53092352,67.52074742
2000,New Jersey,13.39050824,13.54672449,66.84289331
2001,New Jersey,13.82052831,13.52952446,66.11248687
2002,New Jersey,14.25111512,13.50459735,65.40156066
2003,New Jersey,14.68973314,13.4883476,64.70431216
2004,New Jersey,15.11079718,13.46641711,64.04199357
2005,New Jersey,15.52630648,13.43732656,63.38463338
2006,New Jersey,15.94425284,13.41375038,62.74365513
2007,New Jersey,16.36213202,13.38604971,62.08909199
2008,New Jersey,16.81218998,13.34676831,61.41940905
2009,New Jersey,17.3131442,13.33469703,60.70909802
2010,New Jersey,17.78979112,13.33257759,60.03050526
2011,New Jersey,18.21628475,13.32624836,59.38258908
2012,New Jersey,18.59180403,13.33627703,58.77022422
1994,New Mexico,39.52507076,1.882372661,49.06383626
1995,New Mexico,39.82494708,1.885556448,48.80004232
1996,New Mexico,40.28011911,1.905467362,48.24707275
1997,New Mexico,40.73383558,1.92828758,47.70798929
1998,New Mexico,41.19735665,1.905564811,46.998189
1999,New Mexico,41.67781107,1.913795945,46.33965716
2000,New Mexico,42.27906374,1.897261372,45.52504826
2001,New Mexico,42.77705289,1.92144959,44.89924605
2002,New Mexico,43.16639439,1.948354695,44.44321674
2003,New Mexico,43.54129318,1.955342373,44.03213935
2004,New Mexico,43.84486251,1.982080126,43.7068759
2005,New Mexico,44.19797606,1.990607957,43.38613468
2006,New Mexico,44.57634712,2.00495684,43.06381257
2007,New Mexico,45.05052586,2.012441773,42.62161633
2008,New Mexico,45.58523511,1.999391245,42.09668259
2009,New Mexico,46.03118025,2.020962273,41.63639863
2010,New Mexico,46.39579689,2.051864724,41.2699612
2011,New Mexico,46.76227622,2.058085743,40.84170615
2012,New Mexico,47.09451651,2.069744273,40.43696468
1994,New York,13.46216874,14.93143086,66.61995171
1995,New York,13.7771198,15.06387569,65.96315266
1996,New York,14.05999744,15.1833019,65.31435095
1997,New York,14.3694015,15.29755829,64.65388609
1998,New York,14.63497418,15.41167353,64.04157709
1999,New York,14.89532893,15.49711178,63.4692874
2000,New York,15.23181512,15.55764776,62.85978998
2001,New York,15.47144088,15.50906107,62.47562338
2002,New York,15.71310704,15.46403975,62.09048062
2003,New York,15.92832038,15.40867438,61.7532732
2004,New York,16.12957877,15.34347714,61.45166433
2005,New York,16.33546077,15.2797449,61.12569587
2006,New York,16.55589161,15.21290833,60.78740804
2007,New York,16.80942237,15.12396161,60.43514291
2008,New York,17.09825865,15.0691094,60.01043803
2009,New York,17.39811217,15.0543226,59.55605062
2010,New York,17.69349429,15.0753248,59.0811972
2011,New York,17.95072514,15.08917556,58.62615845
2012,New York,18.18251289,15.09128124,58.20330791
1994,North Carolina,1.859657695,22.16252669,73.75237882
1995,North Carolina,2.158870496,22.1350192,73.40132455
1996,North Carolina,2.545759246,22.07444135,72.97632078
1997,North Carolina,2.998240132,22.02130779,72.49362497
1998,North Carolina,3.524775708,21.93873036,71.95834205
1999,North Carolina,4.114167164,21.84376832,71.35947153
2000,North Carolina,4.766486001,21.76693913,70.65879415
2001,North Carolina,5.173138718,21.75509694,70.17871354
2002,North Carolina,5.547944375,21.76630134,69.71490359
2003,North Carolina,5.88344246,21.78200988,69.2780921
2004,North Carolina,6.247568148,21.77967842,68.83559418
2005,North Carolina,6.626823996,21.76341669,68.39092072
2006,North Carolina,7.009948112,21.75259917,67.93588172
2007,North Carolina,7.418570466,21.75433155,67.43951576
2008,North Carolina,7.826950875,21.77069771,66.93296241
2009,North Carolina,8.15510469,21.80861005,66.4935723
2010,North Carolina,8.419710815,21.85623578,66.10488743
2011,North Carolina,8.53143878,21.91287025,65.83967838
2012,North Carolina,8.644283527,21.9633959,65.57622862
1994,North Dakota,0.7332460717,0.5038740454,93.94250036
1995,North Dakota,0.7995900172,0.4862371726,93.79453315
1996,North Dakota,0.8716415891,0.5187720447,93.55148205
1997,North Dakota,0.9397952336,0.5148403302,93.40173245
1998,North Dakota,0.9806465163,0.5503975093,93.18427506
1999,North Dakota,1.04042008,0.5954127145,92.96773503
2000,North Dakota,1.220205507,0.7326840316,92.39653408
2001,North Dakota,1.310827432,0.8079028326,92.09685445
2002,North Dakota,1.410130248,0.8759448923,91.79604744
2003,North Dakota,1.520623277,0.9423669063,91.52120247
2004,North Dakota,1.606781396,1.035357256,91.22916683
2005,North Dakota,1.671131996,1.127244079,90.9591403
2006,North Dakota,1.739854825,1.186439634,90.69880602
2007,North Dakota,1.822702054,1.236324756,90.46003352
2008,North Dakota,1.910065712,1.285340398,90.23250792
2009,North Dakota,1.996487049,1.416759904,89.95485497
2010,North Dakota,2.046325864,1.47184838,89.73960974
2011,North Dakota,2.235235078,1.603411352,89.36607554
2012,North Dakota,2.518918596,1.797070733,88.84839058
1994,Ohio,1.463919959,11.18822817,86.16609403
1995,Ohio,1.524455913,11.30051895,85.95214693
1996,Ohio,1.588328274,11.426361,85.70152329
1997,Ohio,1.656744572,11.54387504,85.46314531
1998,Ohio,1.730940873,11.64146054,85.23451634
1999,Ohio,1.810761175,11.73059323,84.99067616
2000,Ohio,1.93159827,11.82829158,84.69344464
2001,Ohio,2.041712053,11.94369674,84.413199
2002,Ohio,2.150441681,12.05370249,84.13420748
2003,Ohio,2.261598554,12.15011594,83.85935096
2004,Ohio,2.37331508,12.23624072,83.60206216
2005,Ohio,2.496554227,12.33088669,83.32203062
2006,Ohio,2.617998638,12.42974066,83.0484549
2007,Ohio,2.748009907,12.52827276,82.7689534
2008,Ohio,2.873258928,12.62112593,82.49992553
2009,Ohio,2.988577571,12.70747867,82.25135347
2010,Ohio,3.091270475,12.78894527,82.0125634
2011,Ohio,3.181165863,12.8568439,81.78761322
2012,Ohio,3.26977114,12.9316667,81.55098517
1994,Oklahoma,3.370710833,7.606112882,79.63928021
1995,Oklahoma,3.5930933,7.621044384,79.26826246
1996,Oklahoma,3.859970678,7.670033104,78.7936933
1997,Oklahoma,4.177867407,7.73381023,78.24544749
1998,Oklahoma,4.529756601,7.832475918,77.69178496
1999,Oklahoma,4.880646653,7.910397781,77.07505673
2000,Oklahoma,5.242497536,7.949073129,76.49371158
2001,Oklahoma,5.638227914,7.972714949,75.95760145
2002,Oklahoma,6.031561329,7.982648721,75.43828172
2003,Oklahoma,6.360994861,7.974682244,74.98014204
2004,Oklahoma,6.698337387,7.991897273,74.52015229
2005,Oklahoma,7.078938521,7.995864281,74.03511867
2006,Oklahoma,7.461554942,8.031824467,73.52687328
2007,Oklahoma,7.858848999,8.054619961,72.99940099
2008,Oklahoma,8.196374138,8.042271195,72.54427393
2009,Oklahoma,8.58864334,8.084685381,71.9965074
2010,Oklahoma,8.865084957,8.155541955,71.5210356
2011,Oklahoma,9.113207338,8.190373967,71.15396297
2012,Oklahoma,9.350509582,8.229068805,70.7914533
1994,Oregon,5.268891065,1.683772984,88.92990148
1995,Oregon,5.737494618,1.719304515,88.3015128
1996,Oregon,6.112510475,1.755837728,87.75862605
1997,Oregon,6.616116527,1.762909654,87.11752227
1998,Oregon,7.092993808,1.801817119,86.46446225
1999,Oregon,7.627857998,1.830674134,85.75266924
2000,Oregon,8.113197975,1.883629743,85.06753345
2001,Oregon,8.537727185,1.915115528,84.49914171
2002,Oregon,8.91529175,1.946249585,83.99054597
2003,Oregon,9.271247254,1.963225776,83.52920581
2004,Oregon,9.628255006,1.973602192,83.08899686
2005,Oregon,10.00838038,1.999528396,82.58702392
2006,Oregon,10.3931125,2.034306187,82.06663084
2007,Oregon,10.81012686,2.069945415,81.52168336
2008,Oregon,11.19345204,2.101414051,81.03603637
2009,Oregon,11.50567138,2.139053721,80.5973061
2010,Oregon,11.787789,2.162244975,80.19571407
2011,Oregon,11.94194152,2.191606014,79.89605047
2012,Oregon,12.08417498,2.226043031,79.59637518
1994,Pennsylvania,2.354009724,9.54796339,86.54467144
1995,Pennsylvania,2.469388821,9.643385286,86.2588652
1996,Pennsylvania,2.606873192,9.735980565,85.93716245
1997,Pennsylvania,2.757009552,9.830898638,85.61979271
1998,Pennsylvania,2.900926956,9.938866564,85.28403341
1999,Pennsylvania,3.052902423,10.0459686,84.93487136
2000,Pennsylvania,3.242985914,10.13703568,84.54655433
2001,Pennsylvania,3.426799155,10.21740845,84.1845374
2002,Pennsylvania,3.630037099,10.31087344,83.78043166
2003,Pennsylvania,3.858345015,10.39806514,83.35614609
2004,Pennsylvania,4.112194279,10.49515089,82.90109955
2005,Pennsylvania,4.377907131,10.59016915,82.43110235
2006,Pennsylvania,4.661888772,10.69013203,81.93972908
2007,Pennsylvania,4.946522734,10.78064145,81.46227572
2008,Pennsylvania,5.213876788,10.86887903,81.01172785
2009,Pennsylvania,5.477419894,10.94567414,80.57441711
2010,Pennsylvania,5.713864077,11.00776623,80.17916917
2011,Pennsylvania,5.938760196,11.07502786,79.78688186
2012,Pennsylvania,6.168227416,11.14431781,79.37980657
1994,Rhode Island,6.007815268,3.977026655,87.56604591
1995,Rhode Island,6.418178135,4.098615342,86.9551879
1996,Rhode Island,6.798361826,4.227573311,86.37271487
1997,Rhode Island,7.2529168,4.369129461,85.68424728
1998,Rhode Island,7.682259214,4.528611121,84.97878592
1999,Rhode Island,8.240372471,4.710583025,84.15208737
2000,Rhode Island,8.726724988,4.869899873,83.37643344
2001,Rhode Island,9.144939847,5.013612173,82.74120222
2002,Rhode Island,9.564209964,5.16578408,82.07543187
2003,Rhode Island,9.996061015,5.300361603,81.42339234
2004,Rhode Island,10.33111572,5.459347335,80.85985302
2005,Rhode Island,10.69718967,5.581244218,80.31006184
2006,Rhode Island,11.06739184,5.687821232,79.80445792
2007,Rhode Island,11.39849525,5.833360919,79.2872512
2008,Rhode Island,11.77162529,5.939035244,78.7418614
2009,Rhode Island,12.1351004,6.023465187,78.24079435
2010,Rhode Island,12.50739317,6.092447147,77.75963438
2011,Rhode Island,12.89855775,6.1941126,77.1582715
2012,Rhode Island,13.28624439,6.229645522,76.63227597
1994,South Carolina,1.140120748,30.1730152,67.73808582
1995,South Carolina,1.271787572,30.21243766,67.49818998
1996,South Carolina,1.393946578,30.17912649,67.34927032
1997,South Carolina,1.620619862,30.07723924,67.14298225
1998,South Carolina,1.826453377,29.93380086,67.03930742
1999,South Carolina,2.078908451,29.78774151,66.86504732
2000,South Carolina,2.397232957,29.68130742,66.56773245
2001,South Carolina,2.64735873,29.60975352,66.3488147
2002,South Carolina,2.910125749,29.47194298,66.16944127
2003,South Carolina,3.160400328,29.36681399,65.96744763
2004,South Carolina,3.422196712,29.20866955,65.80873875
2005,South Carolina,3.711204524,29.01361779,65.66115944
2006,South Carolina,4.031555032,28.80739044,65.5014506
2007,South Carolina,4.370076348,28.57573282,65.34610979
2008,South Carolina,4.681479074,28.43219557,65.12717167
2009,South Carolina,4.920311503,28.30235789,64.97989486
2010,South Carolina,5.105520064,28.24840599,64.80907984
2011,South Carolina,5.157901202,28.17165125,64.78014449
2012,South Carolina,5.208123268,28.10056008,64.74876927
1994,South Dakota,0.7472734985,0.4900176521,90.89464826
1995,South Dakota,0.793576583,0.453975675,90.78266762
1996,South Dakota,0.8420763312,0.533270099,90.38227571
1997,South Dakota,0.9330536681,0.5462072524,90.0857673
1998,South Dakota,1.020832161,0.5931174252,89.80910331
1999,South Dakota,1.091666978,0.6177939585,89.45699163
2000,South Dakota,1.454665248,0.7844211239,88.67967464
2001,South Dakota,1.659823846,0.865203464,88.30484503
2002,South Dakota,1.816399568,0.9483960948,87.9588695
2003,South Dakota,1.975569868,1.013579424,87.61759734
2004,South Dakota,2.125011033,1.085026402,87.29160068
2005,South Dakota,2.26294757,1.160809962,87.00194586
2006,South Dakota,2.376400484,1.227406763,86.7347864
2007,South Dakota,2.479210432,1.324115141,86.45100003
2008,South Dakota,2.599971969,1.393651048,86.19037846
2009,South Dakota,2.689863419,1.489963039,85.8435545
2010,South Dakota,2.757847671,1.603528007,85.5987505
2011,South Dakota,2.957309455,1.726350622,85.20144396
2012,South Dakota,3.21724364,1.988636704,84.60885791
1994,Tennessee,0.9609977219,16.32704048,81.70139835
1995,Tennessee,1.095507812,16.34498706,81.49247522
1996,Tennessee,1.257199339,16.39373317,81.21757332
1997,Tennessee,1.423052997,16.42392675,80.98331167
1998,Tennessee,1.647383459,16.49559384,80.6412336
1999,Tennessee,1.875767242,16.55862178,80.29808612
2000,Tennessee,2.201581109,16.59166589,79.82916059
2001,Tennessee,2.41773781,16.67543358,79.48034609
2002,Tennessee,2.638581153,16.76000247,79.1187522
2003,Tennessee,2.855786062,16.82439518,78.78138011
2004,Tennessee,3.112179737,16.88220682,78.40444514
2005,Tennessee,3.405409096,16.90102431,78.03532832
2006,Tennessee,3.677526776,16.95198994,77.65939765
2007,Tennessee,3.978349432,16.92990963,77.32924399
2008,Tennessee,4.202748947,16.9218417,77.07877711
2009,Tennessee,4.417969562,16.96417343,76.77139888
2010,Tennessee,4.585953874,17.03426212,76.49653411
2011,Tennessee,4.676119328,17.1076995,76.26914888
2012,Tennessee,4.801833071,17.20476222,75.98598517
1994,Texas,28.1539245,11.65505696,57.62159165
1995,Texas,28.76011189,11.68728362,56.87348286
1996,Texas,29.38512152,11.67645846,56.12805606
1997,Texas,30.06821015,11.64854141,55.35782429
1998,Texas,30.7419743,11.6170279,54.61281444
1999,Texas,31.414281,11.59319727,53.84385905
2000,Texas,32.17965729,11.54218108,52.98635217
2001,Texas,32.77264953,11.55239525,52.24935508
2002,Texas,33.40129297,11.55134374,51.49380196
2003,Texas,34.03663241,11.53934893,50.75646599
2004,Texas,34.60742628,11.54031145,50.08216701
2005,Texas,35.16860015,11.55077615,49.39866204
2006,Texas,35.56574219,11.8516172,48.58377163
2007,Texas,36.1626223,11.80417928,47.9055184
2008,Texas,36.72419959,11.78307378,47.24360761
2009,Texas,37.25504008,11.79104177,46.59472769
2010,Texas,37.69998071,11.81395332,46.02029131
2011,Texas,37.97790792,11.84671261,45.58888973
2012,Texas,38.17820158,11.90724179,45.19471817
1994,Utah,6.015620935,0.7093793963,89.74865923
1995,Utah,6.386826977,0.72838683,89.31454386
1996,Utah,6.915409076,0.7459951179,88.73845731
1997,Utah,7.537749129,0.7767772566,88.02958226
1998,Utah,8.135468799,0.8025078949,87.3487045
1999,Utah,8.649401266,0.8399887088,86.7365379
2000,Utah,9.104736819,0.8940067774,86.13189028
2001,Utah,9.530436153,0.933566579,85.63213886
2002,Utah,9.941049073,0.96519508,85.1479365
2003,Utah,10.29800389,0.9815531895,84.74414833
2004,Utah,10.61234687,1.00771159,84.37391217
2005,Utah,10.96419078,1.041127973,83.95886592
2006,Utah,11.38060595,1.08691047,83.4567079
2007,Utah,11.92037251,1.125013762,82.83057697
2008,Utah,12.4193916,1.147302564,82.25689619
2009,Utah,12.76273481,1.187697385,81.81544462
2010,Utah,12.99504995,1.206669054,81.51982866
2011,Utah,13.13219872,1.22863908,81.29695283
2012,Utah,13.23255767,1.260775507,81.09470541
1994,Vermont,0.6935166725,0.4540658678,97.80880247
1995,Vermont,0.6967718276,0.4826808737,97.71325055
1996,Vermont,0.7397663133,0.540507764,97.56527276
1997,Vermont,0.8040332262,0.5255852347,97.43854638
1998,Vermont,0.7887864414,0.5472872142,97.39763764
1999,Vermont,0.8068690537,0.5677354912,97.34770119
2000,Vermont,0.9113904117,0.6353158863,97.04109787
2001,Vermont,0.9970223268,0.6966415832,96.83824358
2002,Vermont,1.068662847,0.7456429688,96.66889813
2003,Vermont,1.121293242,0.8153977127,96.51020137
2004,Vermont,1.18466899,0.8768873403,96.3500129
2005,Vermont,1.248199094,0.945405375,96.17813478
2006,Vermont,1.306325976,1.025699479,95.98469719
2007,Vermont,1.362030278,1.076696804,95.82457204
2008,Vermont,1.429621999,1.147478735,95.68181418
2009,Vermont,1.484274596,1.237482335,95.47931634
2010,Vermont,1.485665722,1.256905151,95.45050816
2011,Vermont,1.547556364,1.304549008,95.27739218
2012,Vermont,1.607007171,1.352076163,95.10075921
1994,Virginia,3.13456155,19.38648647,74.21554437
1995,Virginia,3.332307453,19.5113911,73.74121399
1996,Virginia,3.565473796,19.60848387,73.24443732
1997,Virginia,3.819710206,19.72741102,72.69869617
1998,Virginia,4.084847842,19.86040118,72.13528693
1999,Virginia,4.345477698,19.97666058,71.56132119
2000,Virginia,4.704145913,19.95026047,70.98226706
2001,Virginia,5.02405964,19.90834859,70.49939972
2002,Virginia,5.34924926,19.88444152,69.9973912
2003,Virginia,5.677199752,19.85127685,69.50306754
2004,Virginia,6.010253392,19.8346883,68.9864793
2005,Virginia,6.370454151,19.81296287,68.43055494
2006,Virginia,6.725495115,19.83700224,67.85778745
2007,Virginia,7.05032899,19.82715779,67.34404593
2008,Virginia,7.348813352,19.82351175,66.86730931
2009,Virginia,7.663825741,19.8181868,66.38470631
2010,Virginia,7.95348934,19.81092662,65.91924541
2011,Virginia,8.182369127,19.76928583,65.56574663
2012,Virginia,8.384423529,19.75801411,65.21967401
1994,Washington,5.479035884,3.231940401,84.59192199
1995,Washington,5.801412764,3.307117444,83.97198189
1996,Washington,6.137812575,3.400061008,83.33055344
1997,Washington,6.504254727,3.497618484,82.64648627
1998,Washington,6.85955017,3.540251409,81.95991307
1999,Washington,7.203652369,3.611616407,81.29780008
2000,Washington,7.562001397,3.706920822,80.60956479
2001,Washington,7.912829898,3.768434284,79.99180383
2002,Washington,8.245905846,3.822945438,79.3998165
2003,Washington,8.587059713,3.853941153,78.83806252
2004,Washington,8.952561605,3.886159506,78.26504031
2005,Washington,9.32132923,3.926163101,77.67110601
2006,Washington,9.713106127,3.98624778,77.01003319
2007,Washington,10.10090865,4.029907823,76.37273939
2008,Washington,10.52046171,4.108054105,75.69387606
2009,Washington,10.94590326,4.184313407,75.01563572
2010,Washington,11.29490544,4.224535853,74.46437358
2011,Washington,11.50428287,4.301460457,73.98682598
2012,Washington,11.69961652,4.39712926,73.49342864
1994,West Virginia,0.4700561024,3.155533802,95.80201503
1995,West Virginia,0.4860448539,3.193891539,95.74864287
1996,West Virginia,0.5061970323,3.227054084,95.6688801
1997,West Virginia,0.5264103989,3.25065018,95.61665493
1998,West Virginia,0.542187222,3.290080629,95.52866283
1999,West Virginia,0.5700963517,3.285187816,95.49078016
2000,West Virginia,0.6832792757,3.343071276,95.1897626
2001,West Virginia,0.7297884352,3.358792016,95.11207723
2002,West Virginia,0.7775501907,3.382659047,95.02562847
2003,West Virginia,0.836839477,3.421297305,94.90712053
2004,West Virginia,0.8919104313,3.453902638,94.79288586
2005,West Virginia,0.9652885044,3.490320199,94.67391233
2006,West Virginia,1.04096915,3.55224978,94.51138786
2007,West Virginia,1.098442138,3.606440821,94.38423774
2008,West Virginia,1.15279491,3.656394847,94.26276008
2009,West Virginia,1.193002395,3.723721774,94.13261896
2010,West Virginia,1.209289031,3.773803681,94.06130847
2011,West Virginia,1.27231031,3.812133013,93.9203395
2012,West Virginia,1.329825053,3.847438273,93.79594519
1994,Wisconsin,2.398748032,5.365354041,90.0801141
1995,Wisconsin,2.559926679,5.454174443,89.7568602
1996,Wisconsin,2.722932719,5.558867653,89.40781103
1997,Wisconsin,2.918776738,5.624971873,89.06760893
1998,Wisconsin,3.135735848,5.687856855,88.71072048
1999,Wisconsin,3.353557114,5.772647303,88.2908849
2000,Wisconsin,3.635486348,5.868571989,87.79945809
2001,Wisconsin,3.879737406,5.959123961,87.39343812
2002,Wisconsin,4.11367008,6.049057861,86.99388558
2003,Wisconsin,4.333933238,6.122916052,86.62736168
2004,Wisconsin,4.551973458,6.184519261,86.28388767
2005,Wisconsin,4.787469398,6.258088921,85.9057951
2006,Wisconsin,5.031881678,6.335511967,85.51685251
2007,Wisconsin,5.280019249,6.416047694,85.11857988
2008,Wisconsin,5.511721689,6.491530928,84.73893617
2009,Wisconsin,5.744643396,6.565843468,84.36828837
2010,Wisconsin,5.936210681,6.635246912,84.04187996
2011,Wisconsin,6.068631297,6.691087354,83.76904674
2012,Wisconsin,6.198760534,6.731873639,83.50833375
1994,Wyoming,5.725999046,0.7243645934,90.95116837
1995,Wyoming,5.732541842,0.7397559568,90.96359964
1996,Wyoming,5.726319067,0.7546597783,90.89573855
1997,Wyoming,5.929091983,0.724280878,90.71715044
1998,Wyoming,6.067805382,0.7697840407,90.49404324
1999,Wyoming,6.170645411,0.788563992,90.26048233
2000,Wyoming,6.473599029,0.8527210196,89.79283836
2001,Wyoming,6.662394346,0.9032521525,89.46906644
2002,Wyoming,6.850567081,0.9267684899,89.22816624
2003,Wyoming,7.036207948,0.939511732,89.02439751
2004,Wyoming,7.267838132,0.9685605748,88.73220901
2005,Wyoming,7.503155651,0.9827737442,88.46830832
2006,Wyoming,7.735900679,0.9979585472,88.15306878
2007,Wyoming,8.043359582,1.035567122,87.79305858
2008,Wyoming,8.414905053,1.020249321,87.40612003
2009,Wyoming,8.711067766,1.081895004,87.01279448
2010,Wyoming,8.951963905,1.06038302,86.81004689
2011,Wyoming,9.116209432,1.136465718,86.51759214
2012,Wyoming,9.504217489,1.562681508,85.65602975
